Product Name,Product Description,Product Price,Product Status
Lenovo,Lenovo Thinkpad,44000,Published
Mouse,Gaming Razer Mouse,22222,Processing
Keyboard,Gaming Razer Keyboard,2000,Processing
Lenovo,Lenovo Thinkpad,1,Published
Mouse,Gaming Razer Mouse,2,Processing
Keyboard,Gaming Razer Keyboard,3,Processing
Lenovo,Lenovo Thinkpad,4,Published
Mouse,Gaming Razer Mouse,5,Processing
Keyboard,Gaming Razer Keyboard,6,Processing
Lenovo,Lenovo Thinkpad,77,Published
Mouse,Gaming Razer Mouse,88,Processing
Keyboard,Gaming Razer Keyboard,99,Processing
Lenovo,Lenovo Thinkpad,10,Published
Mouse,Gaming Razer Mouse,11,Processing
Keyboard,Gaming Razer Keyboard,22,Processing
Lenovo,Lenovo Thinkpad,33,Published
Mouse,Gaming Razer Mouse,44,Processing
Keyboard,Gaming Razer Keyboard,55,Processing
Lenovo,Lenovo Thinkpad,44000,Published
Mouse,Gaming Razer Mouse,22222,Processing
Keyboard,Gaming Razer Keyboard,2000,Processing
Lenovo,Lenovo Thinkpad,1,Published
Mouse,Gaming Razer Mouse,2,Processing
Keyboard,Gaming Razer Keyboard,3,Processing
Lenovo,Lenovo Thinkpad,4,Published
Mouse,Gaming Razer Mouse,5,Processing
Keyboard,Gaming Razer Keyboard,6,Processing
Lenovo,Lenovo Thinkpad,77,Published
Mouse,Gaming Razer Mouse,88,Processing
Keyboard,Gaming Razer Keyboard,99,Processing
Lenovo,Lenovo Thinkpad,10,Published
Mouse,Gaming Razer Mouse,11,Processing
Keyboard,Gaming Razer Keyboard,22,Processing
Lenovo,Lenovo Thinkpad,33,Published
Mouse,Gaming Razer Mouse,44,Processing
Keyboard,Gaming Razer Keyboard,55,Processing
Lenovo,Lenovo Thinkpad,44000,Published
Mouse,Gaming Razer Mouse,22222,Processing
Keyboard,Gaming Razer Keyboard,2000,Processing
Lenovo,Lenovo Thinkpad,1,Published
Mouse,Gaming Razer Mouse,2,Processing
Keyboard,Gaming Razer Keyboard,3,Processing
Lenovo,Lenovo Thinkpad,4,Published
Mouse,Gaming Razer Mouse,5,Processing
Keyboard,Gaming Razer Keyboard,6,Processing
Lenovo,Lenovo Thinkpad,77,Published
Mouse,Gaming Razer Mouse,88,Processing
Keyboard,Gaming Razer Keyboard,99,Processing
Lenovo,Lenovo Thinkpad,10,Published
Mouse,Gaming Razer Mouse,11,Processing
Keyboard,Gaming Razer Keyboard,22,Processing
Lenovo,Lenovo Thinkpad,33,Published
Mouse,Gaming Razer Mouse,44,Processing
Keyboard,Gaming Razer Keyboard,55,Processing
Lenovo,Lenovo Thinkpad,44000,Published
Mouse,Gaming Razer Mouse,22222,Processing
Keyboard,Gaming Razer Keyboard,2000,Processing
Lenovo,Lenovo Thinkpad,1,Published
Mouse,Gaming Razer Mouse,2,Processing
Keyboard,Gaming Razer Keyboard,3,Processing
Lenovo,Lenovo Thinkpad,4,Published
Mouse,Gaming Razer Mouse,5,Processing
Keyboard,Gaming Razer Keyboard,6,Processing
Lenovo,Lenovo Thinkpad,77,Published
Mouse,Gaming Razer Mouse,88,Processing
Keyboard,Gaming Razer Keyboard,99,Processing
Lenovo,Lenovo Thinkpad,10,Published
Mouse,Gaming Razer Mouse,11,Processing
Keyboard,Gaming Razer Keyboard,22,Processing
Lenovo,Lenovo Thinkpad,33,Published
Mouse,Gaming Razer Mouse,44,Processing
Keyboard,Gaming Razer Keyboard,55,Processing
Lenovo,Lenovo Thinkpad,44000,Published
Mouse,Gaming Razer Mouse,22222,Processing
Keyboard,Gaming Razer Keyboard,2000,Processing
Lenovo,Lenovo Thinkpad,1,Published
Mouse,Gaming Razer Mouse,2,Processing
Keyboard,Gaming Razer Keyboard,3,Processing
Lenovo,Lenovo Thinkpad,4,Published
Mouse,Gaming Razer Mouse,5,Processing
Keyboard,Gaming Razer Keyboard,6,Processing
Lenovo,Lenovo Thinkpad,77,Published
Mouse,Gaming Razer Mouse,88,Processing
Keyboard,Gaming Razer Keyboard,99,Processing
Lenovo,Lenovo Thinkpad,10,Published
Mouse,Gaming Razer Mouse,11,Processing
Keyboard,Gaming Razer Keyboard,22,Processing
Lenovo,Lenovo Thinkpad,33,Published
Mouse,Gaming Razer Mouse,44,Processing
Keyboard,Gaming Razer Keyboard,55,Processing
Lenovo,Lenovo Thinkpad,44000,Published
Mouse,Gaming Razer Mouse,22222,Processing
Keyboard,Gaming Razer Keyboard,2000,Processing
Lenovo,Lenovo Thinkpad,1,Published
Mouse,Gaming Razer Mouse,2,Processing
Keyboard,Gaming Razer Keyboard,3,Processing
Lenovo,Lenovo Thinkpad,4,Published
Mouse,Gaming Razer Mouse,5,Processing
Keyboard,Gaming Razer Keyboard,6,Processing
Lenovo,Lenovo Thinkpad,77,Published
Mouse,Gaming Razer Mouse,88,Processing
Keyboard,Gaming Razer Keyboard,99,Processing
Lenovo,Lenovo Thinkpad,10,Published
Mouse,Gaming Razer Mouse,11,Processing
Keyboard,Gaming Razer Keyboard,22,Processing
Lenovo,Lenovo Thinkpad,33,Published
Mouse,Gaming Razer Mouse,44,Processing
Keyboard,Gaming Razer Keyboard,55,Processing
Lenovo,Lenovo Thinkpad,44000,Published
Mouse,Gaming Razer Mouse,22222,Processing
Keyboard,Gaming Razer Keyboard,2000,Processing
Lenovo,Lenovo Thinkpad,1,Published
Mouse,Gaming Razer Mouse,2,Processing
Keyboard,Gaming Razer Keyboard,3,Processing
Lenovo,Lenovo Thinkpad,4,Published
Mouse,Gaming Razer Mouse,5,Processing
Keyboard,Gaming Razer Keyboard,6,Processing
Lenovo,Lenovo Thinkpad,77,Published
Mouse,Gaming Razer Mouse,88,Processing
Keyboard,Gaming Razer Keyboard,99,Processing
Lenovo,Lenovo Thinkpad,10,Published
Mouse,Gaming Razer Mouse,11,Processing
Keyboard,Gaming Razer Keyboard,22,Processing
Lenovo,Lenovo Thinkpad,33,Published
Mouse,Gaming Razer Mouse,44,Processing
Keyboard,Gaming Razer Keyboard,55,Processing
Lenovo,Lenovo Thinkpad,44000,Published
Mouse,Gaming Razer Mouse,22222,Processing
Keyboard,Gaming Razer Keyboard,2000,Processing
Lenovo,Lenovo Thinkpad,1,Published
Mouse,Gaming Razer Mouse,2,Processing
Keyboard,Gaming Razer Keyboard,3,Processing
Lenovo,Lenovo Thinkpad,4,Published
Mouse,Gaming Razer Mouse,5,Processing
Keyboard,Gaming Razer Keyboard,6,Processing
Lenovo,Lenovo Thinkpad,77,Published
Mouse,Gaming Razer Mouse,88,Processing
Keyboard,Gaming Razer Keyboard,99,Processing
Lenovo,Lenovo Thinkpad,10,Published
Mouse,Gaming Razer Mouse,11,Processing
Keyboard,Gaming Razer Keyboard,22,Processing
Lenovo,Lenovo Thinkpad,33,Published
Mouse,Gaming Razer Mouse,44,Processing
Keyboard,Gaming Razer Keyboard,55,Processing
Lenovo,Lenovo Thinkpad,44000,Published
Mouse,Gaming Razer Mouse,22222,Processing
Keyboard,Gaming Razer Keyboard,2000,Processing
Lenovo,Lenovo Thinkpad,1,Published
Mouse,Gaming Razer Mouse,2,Processing
Keyboard,Gaming Razer Keyboard,3,Processing
Lenovo,Lenovo Thinkpad,4,Published
Mouse,Gaming Razer Mouse,5,Processing
Keyboard,Gaming Razer Keyboard,6,Processing
Lenovo,Lenovo Thinkpad,77,Published
Mouse,Gaming Razer Mouse,88,Processing
Keyboard,Gaming Razer Keyboard,99,Processing
Lenovo,Lenovo Thinkpad,10,Published
Mouse,Gaming Razer Mouse,11,Processing
Keyboard,Gaming Razer Keyboard,22,Processing
Lenovo,Lenovo Thinkpad,33,Published
Mouse,Gaming Razer Mouse,44,Processing
Keyboard,Gaming Razer Keyboard,55,Processing
Lenovo,Lenovo Thinkpad,44000,Published
Mouse,Gaming Razer Mouse,22222,Processing
Keyboard,Gaming Razer Keyboard,2000,Processing
Lenovo,Lenovo Thinkpad,1,Published
Mouse,Gaming Razer Mouse,2,Processing
Keyboard,Gaming Razer Keyboard,3,Processing
Lenovo,Lenovo Thinkpad,4,Published
Mouse,Gaming Razer Mouse,5,Processing
Keyboard,Gaming Razer Keyboard,6,Processing
Lenovo,Lenovo Thinkpad,77,Published
Mouse,Gaming Razer Mouse,88,Processing
Keyboard,Gaming Razer Keyboard,99,Processing
Lenovo,Lenovo Thinkpad,10,Published
Mouse,Gaming Razer Mouse,11,Processing
Keyboard,Gaming Razer Keyboard,22,Processing
Lenovo,Lenovo Thinkpad,33,Published
Mouse,Gaming Razer Mouse,44,Processing
Keyboard,Gaming Razer Keyboard,55,Processing
Lenovo,Lenovo Thinkpad,44000,Published
Mouse,Gaming Razer Mouse,22222,Processing
Keyboard,Gaming Razer Keyboard,2000,Processing
Lenovo,Lenovo Thinkpad,1,Published
Mouse,Gaming Razer Mouse,2,Processing
Keyboard,Gaming Razer Keyboard,3,Processing
Lenovo,Lenovo Thinkpad,4,Published
Mouse,Gaming Razer Mouse,5,Processing
Keyboard,Gaming Razer Keyboard,6,Processing
Lenovo,Lenovo Thinkpad,77,Published
Mouse,Gaming Razer Mouse,88,Processing
Keyboard,Gaming Razer Keyboard,99,Processing
Lenovo,Lenovo Thinkpad,10,Published
Mouse,Gaming Razer Mouse,11,Processing
Keyboard,Gaming Razer Keyboard,22,Processing
Lenovo,Lenovo Thinkpad,33,Published
Mouse,Gaming Razer Mouse,44,Processing
Keyboard,Gaming Razer Keyboard,55,Processing
Lenovo,Lenovo Thinkpad,44000,Published
Mouse,Gaming Razer Mouse,22222,Processing
Keyboard,Gaming Razer Keyboard,2000,Processing
Lenovo,Lenovo Thinkpad,1,Published
Mouse,Gaming Razer Mouse,2,Processing
Keyboard,Gaming Razer Keyboard,3,Processing
Lenovo,Lenovo Thinkpad,4,Published
Mouse,Gaming Razer Mouse,5,Processing
Keyboard,Gaming Razer Keyboard,6,Processing
Lenovo,Lenovo Thinkpad,77,Published
Mouse,Gaming Razer Mouse,88,Processing
Keyboard,Gaming Razer Keyboard,99,Processing
Lenovo,Lenovo Thinkpad,10,Published
Mouse,Gaming Razer Mouse,11,Processing
Keyboard,Gaming Razer Keyboard,22,Processing
Lenovo,Lenovo Thinkpad,33,Published
Mouse,Gaming Razer Mouse,44,Processing
Keyboard,Gaming Razer Keyboard,55,Processing
Lenovo,Lenovo Thinkpad,44000,Published
Mouse,Gaming Razer Mouse,22222,Processing
Keyboard,Gaming Razer Keyboard,2000,Processing
Lenovo,Lenovo Thinkpad,1,Published
Mouse,Gaming Razer Mouse,2,Processing
Keyboard,Gaming Razer Keyboard,3,Processing
Lenovo,Lenovo Thinkpad,4,Published
Mouse,Gaming Razer Mouse,5,Processing
Keyboard,Gaming Razer Keyboard,6,Processing
Lenovo,Lenovo Thinkpad,77,Published
Mouse,Gaming Razer Mouse,88,Processing
Keyboard,Gaming Razer Keyboard,99,Processing
Lenovo,Lenovo Thinkpad,10,Published
Mouse,Gaming Razer Mouse,11,Processing
Keyboard,Gaming Razer Keyboard,22,Processing
Lenovo,Lenovo Thinkpad,33,Published
Mouse,Gaming Razer Mouse,44,Processing
Keyboard,Gaming Razer Keyboard,55,Processing
Lenovo,Lenovo Thinkpad,44000,Published
Mouse,Gaming Razer Mouse,22222,Processing
Keyboard,Gaming Razer Keyboard,2000,Processing
Lenovo,Lenovo Thinkpad,1,Published
Mouse,Gaming Razer Mouse,2,Processing
Keyboard,Gaming Razer Keyboard,3,Processing
Lenovo,Lenovo Thinkpad,4,Published
Mouse,Gaming Razer Mouse,5,Processing
Keyboard,Gaming Razer Keyboard,6,Processing
Lenovo,Lenovo Thinkpad,77,Published
Mouse,Gaming Razer Mouse,88,Processing
Keyboard,Gaming Razer Keyboard,99,Processing
Lenovo,Lenovo Thinkpad,10,Published
Mouse,Gaming Razer Mouse,11,Processing
Keyboard,Gaming Razer Keyboard,22,Processing
Lenovo,Lenovo Thinkpad,33,Published
Mouse,Gaming Razer Mouse,44,Processing
Keyboard,Gaming Razer Keyboard,55,Processing
Lenovo,Lenovo Thinkpad,44000,Published
Mouse,Gaming Razer Mouse,22222,Processing
Keyboard,Gaming Razer Keyboard,2000,Processing
Lenovo,Lenovo Thinkpad,1,Published
Mouse,Gaming Razer Mouse,2,Processing
Keyboard,Gaming Razer Keyboard,3,Processing
Lenovo,Lenovo Thinkpad,4,Published
Mouse,Gaming Razer Mouse,5,Processing
Keyboard,Gaming Razer Keyboard,6,Processing
Lenovo,Lenovo Thinkpad,77,Published
Mouse,Gaming Razer Mouse,88,Processing
Keyboard,Gaming Razer Keyboard,99,Processing
Lenovo,Lenovo Thinkpad,10,Published
Mouse,Gaming Razer Mouse,11,Processing
Keyboard,Gaming Razer Keyboard,22,Processing
Lenovo,Lenovo Thinkpad,33,Published
Mouse,Gaming Razer Mouse,44,Processing
Keyboard,Gaming Razer Keyboard,55,Processing
Lenovo,Lenovo Thinkpad,44000,Published
Mouse,Gaming Razer Mouse,22222,Processing
Keyboard,Gaming Razer Keyboard,2000,Processing
Lenovo,Lenovo Thinkpad,1,Published
Mouse,Gaming Razer Mouse,2,Processing
Keyboard,Gaming Razer Keyboard,3,Processing
Lenovo,Lenovo Thinkpad,4,Published
Mouse,Gaming Razer Mouse,5,Processing
Keyboard,Gaming Razer Keyboard,6,Processing
Lenovo,Lenovo Thinkpad,77,Published
Mouse,Gaming Razer Mouse,88,Processing
Keyboard,Gaming Razer Keyboard,99,Processing
Lenovo,Lenovo Thinkpad,10,Published
Mouse,Gaming Razer Mouse,11,Processing
Keyboard,Gaming Razer Keyboard,22,Processing
Lenovo,Lenovo Thinkpad,33,Published
Mouse,Gaming Razer Mouse,44,Processing
Keyboard,Gaming Razer Keyboard,55,Processing
Lenovo,Lenovo Thinkpad,44000,Published
Mouse,Gaming Razer Mouse,22222,Processing
Keyboard,Gaming Razer Keyboard,2000,Processing
Lenovo,Lenovo Thinkpad,1,Published
Mouse,Gaming Razer Mouse,2,Processing
Keyboard,Gaming Razer Keyboard,3,Processing
Lenovo,Lenovo Thinkpad,4,Published
Mouse,Gaming Razer Mouse,5,Processing
Keyboard,Gaming Razer Keyboard,6,Processing
Lenovo,Lenovo Thinkpad,77,Published
Mouse,Gaming Razer Mouse,88,Processing
Keyboard,Gaming Razer Keyboard,99,Processing
Lenovo,Lenovo Thinkpad,10,Published
Mouse,Gaming Razer Mouse,11,Processing
Keyboard,Gaming Razer Keyboard,22,Processing
Lenovo,Lenovo Thinkpad,33,Published
Mouse,Gaming Razer Mouse,44,Processing
Keyboard,Gaming Razer Keyboard,55,Processing
Lenovo,Lenovo Thinkpad,44000,Published
Mouse,Gaming Razer Mouse,22222,Processing
Keyboard,Gaming Razer Keyboard,2000,Processing
Lenovo,Lenovo Thinkpad,1,Published
Mouse,Gaming Razer Mouse,2,Processing
Keyboard,Gaming Razer Keyboard,3,Processing
Lenovo,Lenovo Thinkpad,4,Published
Mouse,Gaming Razer Mouse,5,Processing
Keyboard,Gaming Razer Keyboard,6,Processing
Lenovo,Lenovo Thinkpad,77,Published
Mouse,Gaming Razer Mouse,88,Processing
Keyboard,Gaming Razer Keyboard,99,Processing
Lenovo,Lenovo Thinkpad,10,Published
Mouse,Gaming Razer Mouse,11,Processing
Keyboard,Gaming Razer Keyboard,22,Processing
Lenovo,Lenovo Thinkpad,33,Published
Mouse,Gaming Razer Mouse,44,Processing
Keyboard,Gaming Razer Keyboard,55,Processing
Lenovo,Lenovo Thinkpad,44000,Published
Mouse,Gaming Razer Mouse,22222,Processing
Keyboard,Gaming Razer Keyboard,2000,Processing
Lenovo,Lenovo Thinkpad,1,Published
Mouse,Gaming Razer Mouse,2,Processing
Keyboard,Gaming Razer Keyboard,3,Processing
Lenovo,Lenovo Thinkpad,4,Published
Mouse,Gaming Razer Mouse,5,Processing
Keyboard,Gaming Razer Keyboard,6,Processing
Lenovo,Lenovo Thinkpad,77,Published
Mouse,Gaming Razer Mouse,88,Processing
Keyboard,Gaming Razer Keyboard,99,Processing
Lenovo,Lenovo Thinkpad,10,Published
Mouse,Gaming Razer Mouse,11,Processing
Keyboard,Gaming Razer Keyboard,22,Processing
Lenovo,Lenovo Thinkpad,33,Published
Mouse,Gaming Razer Mouse,44,Processing
Keyboard,Gaming Razer Keyboard,55,Processing
Lenovo,Lenovo Thinkpad,44000,Published
Mouse,Gaming Razer Mouse,22222,Processing
Keyboard,Gaming Razer Keyboard,2000,Processing
Lenovo,Lenovo Thinkpad,1,Published
Mouse,Gaming Razer Mouse,2,Processing
Keyboard,Gaming Razer Keyboard,3,Processing
Lenovo,Lenovo Thinkpad,4,Published
Mouse,Gaming Razer Mouse,5,Processing
Keyboard,Gaming Razer Keyboard,6,Processing
Lenovo,Lenovo Thinkpad,77,Published
Mouse,Gaming Razer Mouse,88,Processing
Keyboard,Gaming Razer Keyboard,99,Processing
Lenovo,Lenovo Thinkpad,10,Published
Mouse,Gaming Razer Mouse,11,Processing
Keyboard,Gaming Razer Keyboard,22,Processing
Lenovo,Lenovo Thinkpad,33,Published
Mouse,Gaming Razer Mouse,44,Processing
Keyboard,Gaming Razer Keyboard,55,Processing
Lenovo,Lenovo Thinkpad,44000,Published
Mouse,Gaming Razer Mouse,22222,Processing
Keyboard,Gaming Razer Keyboard,2000,Processing
Lenovo,Lenovo Thinkpad,1,Published
Mouse,Gaming Razer Mouse,2,Processing
Keyboard,Gaming Razer Keyboard,3,Processing
Lenovo,Lenovo Thinkpad,4,Published
Mouse,Gaming Razer Mouse,5,Processing
Keyboard,Gaming Razer Keyboard,6,Processing
Lenovo,Lenovo Thinkpad,77,Published
Mouse,Gaming Razer Mouse,88,Processing
Keyboard,Gaming Razer Keyboard,99,Processing
Lenovo,Lenovo Thinkpad,10,Published
Mouse,Gaming Razer Mouse,11,Processing
Keyboard,Gaming Razer Keyboard,22,Processing
Lenovo,Lenovo Thinkpad,33,Published
Mouse,Gaming Razer Mouse,44,Processing
Keyboard,Gaming Razer Keyboard,55,Processing
Lenovo,Lenovo Thinkpad,44000,Published
Mouse,Gaming Razer Mouse,22222,Processing
Keyboard,Gaming Razer Keyboard,2000,Processing
Lenovo,Lenovo Thinkpad,1,Published
Mouse,Gaming Razer Mouse,2,Processing
Keyboard,Gaming Razer Keyboard,3,Processing
Lenovo,Lenovo Thinkpad,4,Published
Mouse,Gaming Razer Mouse,5,Processing
Keyboard,Gaming Razer Keyboard,6,Processing
Lenovo,Lenovo Thinkpad,77,Published
Mouse,Gaming Razer Mouse,88,Processing
Keyboard,Gaming Razer Keyboard,99,Processing
Lenovo,Lenovo Thinkpad,10,Published
Mouse,Gaming Razer Mouse,11,Processing
Keyboard,Gaming Razer Keyboard,22,Processing
Lenovo,Lenovo Thinkpad,33,Published
Mouse,Gaming Razer Mouse,44,Processing
Keyboard,Gaming Razer Keyboard,55,Processing
Lenovo,Lenovo Thinkpad,44000,Published
Mouse,Gaming Razer Mouse,22222,Processing
Keyboard,Gaming Razer Keyboard,2000,Processing
Lenovo,Lenovo Thinkpad,1,Published
Mouse,Gaming Razer Mouse,2,Processing
Keyboard,Gaming Razer Keyboard,3,Processing
Lenovo,Lenovo Thinkpad,4,Published
Mouse,Gaming Razer Mouse,5,Processing
Keyboard,Gaming Razer Keyboard,6,Processing
Lenovo,Lenovo Thinkpad,77,Published
Mouse,Gaming Razer Mouse,88,Processing
Keyboard,Gaming Razer Keyboard,99,Processing
Lenovo,Lenovo Thinkpad,10,Published
Mouse,Gaming Razer Mouse,11,Processing
Keyboard,Gaming Razer Keyboard,22,Processing
Lenovo,Lenovo Thinkpad,33,Published
Mouse,Gaming Razer Mouse,44,Processing
Keyboard,Gaming Razer Keyboard,55,Processing
Lenovo,Lenovo Thinkpad,44000,Published
Mouse,Gaming Razer Mouse,22222,Processing
Keyboard,Gaming Razer Keyboard,2000,Processing
Lenovo,Lenovo Thinkpad,1,Published
Mouse,Gaming Razer Mouse,2,Processing
Keyboard,Gaming Razer Keyboard,3,Processing
Lenovo,Lenovo Thinkpad,4,Published
Mouse,Gaming Razer Mouse,5,Processing
Keyboard,Gaming Razer Keyboard,6,Processing
Lenovo,Lenovo Thinkpad,77,Published
Mouse,Gaming Razer Mouse,88,Processing
Keyboard,Gaming Razer Keyboard,99,Processing
Lenovo,Lenovo Thinkpad,10,Published
Mouse,Gaming Razer Mouse,11,Processing
Keyboard,Gaming Razer Keyboard,22,Processing
Lenovo,Lenovo Thinkpad,33,Published
Mouse,Gaming Razer Mouse,44,Processing
Keyboard,Gaming Razer Keyboard,55,Processing
Lenovo,Lenovo Thinkpad,44000,Published
Mouse,Gaming Razer Mouse,22222,Processing
Keyboard,Gaming Razer Keyboard,2000,Processing
Lenovo,Lenovo Thinkpad,1,Published
Mouse,Gaming Razer Mouse,2,Processing
Keyboard,Gaming Razer Keyboard,3,Processing
Lenovo,Lenovo Thinkpad,4,Published
Mouse,Gaming Razer Mouse,5,Processing
Keyboard,Gaming Razer Keyboard,6,Processing
Lenovo,Lenovo Thinkpad,77,Published
Mouse,Gaming Razer Mouse,88,Processing
Keyboard,Gaming Razer Keyboard,99,Processing
Lenovo,Lenovo Thinkpad,10,Published
Mouse,Gaming Razer Mouse,11,Processing
Keyboard,Gaming Razer Keyboard,22,Processing
Lenovo,Lenovo Thinkpad,33,Published
Mouse,Gaming Razer Mouse,44,Processing
Keyboard,Gaming Razer Keyboard,55,Processing
Lenovo,Lenovo Thinkpad,44000,Published
Mouse,Gaming Razer Mouse,22222,Processing
Keyboard,Gaming Razer Keyboard,2000,Processing
Lenovo,Lenovo Thinkpad,1,Published
Mouse,Gaming Razer Mouse,2,Processing
Keyboard,Gaming Razer Keyboard,3,Processing
Lenovo,Lenovo Thinkpad,4,Published
Mouse,Gaming Razer Mouse,5,Processing
Keyboard,Gaming Razer Keyboard,6,Processing
Lenovo,Lenovo Thinkpad,77,Published
Mouse,Gaming Razer Mouse,88,Processing
Keyboard,Gaming Razer Keyboard,99,Processing
Lenovo,Lenovo Thinkpad,10,Published
Mouse,Gaming Razer Mouse,11,Processing
Keyboard,Gaming Razer Keyboard,22,Processing
Lenovo,Lenovo Thinkpad,33,Published
Mouse,Gaming Razer Mouse,44,Processing
Keyboard,Gaming Razer Keyboard,55,Processing
Lenovo,Lenovo Thinkpad,44000,Published
Mouse,Gaming Razer Mouse,22222,Processing
Keyboard,Gaming Razer Keyboard,2000,Processing
Lenovo,Lenovo Thinkpad,1,Published
Mouse,Gaming Razer Mouse,2,Processing
Keyboard,Gaming Razer Keyboard,3,Processing
Lenovo,Lenovo Thinkpad,4,Published
Mouse,Gaming Razer Mouse,5,Processing
Keyboard,Gaming Razer Keyboard,6,Processing
Lenovo,Lenovo Thinkpad,77,Published
Mouse,Gaming Razer Mouse,88,Processing
Keyboard,Gaming Razer Keyboard,99,Processing
Lenovo,Lenovo Thinkpad,10,Published
Mouse,Gaming Razer Mouse,11,Processing
Keyboard,Gaming Razer Keyboard,22,Processing
Lenovo,Lenovo Thinkpad,33,Published
Mouse,Gaming Razer Mouse,44,Processing
Keyboard,Gaming Razer Keyboard,55,Processing
Lenovo,Lenovo Thinkpad,44000,Published
Mouse,Gaming Razer Mouse,22222,Processing
Keyboard,Gaming Razer Keyboard,2000,Processing
Lenovo,Lenovo Thinkpad,1,Published
Mouse,Gaming Razer Mouse,2,Processing
Keyboard,Gaming Razer Keyboard,3,Processing
Lenovo,Lenovo Thinkpad,4,Published
Mouse,Gaming Razer Mouse,5,Processing
Keyboard,Gaming Razer Keyboard,6,Processing
Lenovo,Lenovo Thinkpad,77,Published
Mouse,Gaming Razer Mouse,88,Processing
Keyboard,Gaming Razer Keyboard,99,Processing
Lenovo,Lenovo Thinkpad,10,Published
Mouse,Gaming Razer Mouse,11,Processing
Keyboard,Gaming Razer Keyboard,22,Processing
Lenovo,Lenovo Thinkpad,33,Published
Mouse,Gaming Razer Mouse,44,Processing
Keyboard,Gaming Razer Keyboard,55,Processing
Lenovo,Lenovo Thinkpad,44000,Published
Mouse,Gaming Razer Mouse,22222,Processing
Keyboard,Gaming Razer Keyboard,2000,Processing
Lenovo,Lenovo Thinkpad,1,Published
Mouse,Gaming Razer Mouse,2,Processing
Keyboard,Gaming Razer Keyboard,3,Processing
Lenovo,Lenovo Thinkpad,4,Published
Mouse,Gaming Razer Mouse,5,Processing
Keyboard,Gaming Razer Keyboard,6,Processing
Lenovo,Lenovo Thinkpad,77,Published
Mouse,Gaming Razer Mouse,88,Processing
Keyboard,Gaming Razer Keyboard,99,Processing
Lenovo,Lenovo Thinkpad,10,Published
Mouse,Gaming Razer Mouse,11,Processing
Keyboard,Gaming Razer Keyboard,22,Processing
Lenovo,Lenovo Thinkpad,33,Published
Mouse,Gaming Razer Mouse,44,Processing
Keyboard,Gaming Razer Keyboard,55,Processing
Lenovo,Lenovo Thinkpad,44000,Published
Mouse,Gaming Razer Mouse,22222,Processing
Keyboard,Gaming Razer Keyboard,2000,Processing
Lenovo,Lenovo Thinkpad,1,Published
Mouse,Gaming Razer Mouse,2,Processing
Keyboard,Gaming Razer Keyboard,3,Processing
Lenovo,Lenovo Thinkpad,4,Published
Mouse,Gaming Razer Mouse,5,Processing
Keyboard,Gaming Razer Keyboard,6,Processing
Lenovo,Lenovo Thinkpad,77,Published
Mouse,Gaming Razer Mouse,88,Processing
Keyboard,Gaming Razer Keyboard,99,Processing
Lenovo,Lenovo Thinkpad,10,Published
Mouse,Gaming Razer Mouse,11,Processing
Keyboard,Gaming Razer Keyboard,22,Processing
Lenovo,Lenovo Thinkpad,33,Published
Mouse,Gaming Razer Mouse,44,Processing
Keyboard,Gaming Razer Keyboard,55,Processing
Lenovo,Lenovo Thinkpad,44000,Published
Mouse,Gaming Razer Mouse,22222,Processing
Keyboard,Gaming Razer Keyboard,2000,Processing
Lenovo,Lenovo Thinkpad,1,Published
Mouse,Gaming Razer Mouse,2,Processing
Keyboard,Gaming Razer Keyboard,3,Processing
Lenovo,Lenovo Thinkpad,4,Published
Mouse,Gaming Razer Mouse,5,Processing
Keyboard,Gaming Razer Keyboard,6,Processing
Lenovo,Lenovo Thinkpad,77,Published
Mouse,Gaming Razer Mouse,88,Processing
Keyboard,Gaming Razer Keyboard,99,Processing
Lenovo,Lenovo Thinkpad,10,Published
Mouse,Gaming Razer Mouse,11,Processing
Keyboard,Gaming Razer Keyboard,22,Processing
Lenovo,Lenovo Thinkpad,33,Published
Mouse,Gaming Razer Mouse,44,Processing
Keyboard,Gaming Razer Keyboard,55,Processing
Lenovo,Lenovo Thinkpad,44000,Published
Mouse,Gaming Razer Mouse,22222,Processing
Keyboard,Gaming Razer Keyboard,2000,Processing
Lenovo,Lenovo Thinkpad,1,Published
Mouse,Gaming Razer Mouse,2,Processing
Keyboard,Gaming Razer Keyboard,3,Processing
Lenovo,Lenovo Thinkpad,4,Published
Mouse,Gaming Razer Mouse,5,Processing
Keyboard,Gaming Razer Keyboard,6,Processing
Lenovo,Lenovo Thinkpad,77,Published
Mouse,Gaming Razer Mouse,88,Processing
Keyboard,Gaming Razer Keyboard,99,Processing
Lenovo,Lenovo Thinkpad,10,Published
Mouse,Gaming Razer Mouse,11,Processing
Keyboard,Gaming Razer Keyboard,22,Processing
Lenovo,Lenovo Thinkpad,33,Published
Mouse,Gaming Razer Mouse,44,Processing
Keyboard,Gaming Razer Keyboard,55,Processing
Lenovo,Lenovo Thinkpad,44000,Published
Mouse,Gaming Razer Mouse,22222,Processing
Keyboard,Gaming Razer Keyboard,2000,Processing
Lenovo,Lenovo Thinkpad,1,Published
Mouse,Gaming Razer Mouse,2,Processing
Keyboard,Gaming Razer Keyboard,3,Processing
Lenovo,Lenovo Thinkpad,4,Published
Mouse,Gaming Razer Mouse,5,Processing
Keyboard,Gaming Razer Keyboard,6,Processing
Lenovo,Lenovo Thinkpad,77,Published
Mouse,Gaming Razer Mouse,88,Processing
Keyboard,Gaming Razer Keyboard,99,Processing
Lenovo,Lenovo Thinkpad,10,Published
Mouse,Gaming Razer Mouse,11,Processing
Keyboard,Gaming Razer Keyboard,22,Processing
Lenovo,Lenovo Thinkpad,33,Published
Mouse,Gaming Razer Mouse,44,Processing
Keyboard,Gaming Razer Keyboard,55,Processing
Lenovo,Lenovo Thinkpad,44000,Published
Mouse,Gaming Razer Mouse,22222,Processing
Keyboard,Gaming Razer Keyboard,2000,Processing
Lenovo,Lenovo Thinkpad,1,Published
Mouse,Gaming Razer Mouse,2,Processing
Keyboard,Gaming Razer Keyboard,3,Processing
Lenovo,Lenovo Thinkpad,4,Published
Mouse,Gaming Razer Mouse,5,Processing
Keyboard,Gaming Razer Keyboard,6,Processing
Lenovo,Lenovo Thinkpad,77,Published
Mouse,Gaming Razer Mouse,88,Processing
Keyboard,Gaming Razer Keyboard,99,Processing
Lenovo,Lenovo Thinkpad,10,Published
Mouse,Gaming Razer Mouse,11,Processing
Keyboard,Gaming Razer Keyboard,22,Processing
Lenovo,Lenovo Thinkpad,33,Published
Mouse,Gaming Razer Mouse,44,Processing
Keyboard,Gaming Razer Keyboard,55,Processing
Lenovo,Lenovo Thinkpad,44000,Published
Mouse,Gaming Razer Mouse,22222,Processing
Keyboard,Gaming Razer Keyboard,2000,Processing
Lenovo,Lenovo Thinkpad,1,Published
Mouse,Gaming Razer Mouse,2,Processing
Keyboard,Gaming Razer Keyboard,3,Processing
Lenovo,Lenovo Thinkpad,4,Published
Mouse,Gaming Razer Mouse,5,Processing
Keyboard,Gaming Razer Keyboard,6,Processing
Lenovo,Lenovo Thinkpad,77,Published
Mouse,Gaming Razer Mouse,88,Processing
Keyboard,Gaming Razer Keyboard,99,Processing
Lenovo,Lenovo Thinkpad,10,Published
Mouse,Gaming Razer Mouse,11,Processing
Keyboard,Gaming Razer Keyboard,22,Processing
Lenovo,Lenovo Thinkpad,33,Published
Mouse,Gaming Razer Mouse,44,Processing
Keyboard,Gaming Razer Keyboard,55,Processing
Lenovo,Lenovo Thinkpad,44000,Published
Mouse,Gaming Razer Mouse,22222,Processing
Keyboard,Gaming Razer Keyboard,2000,Processing
Lenovo,Lenovo Thinkpad,1,Published
Mouse,Gaming Razer Mouse,2,Processing
Keyboard,Gaming Razer Keyboard,3,Processing
Lenovo,Lenovo Thinkpad,4,Published
Mouse,Gaming Razer Mouse,5,Processing
Keyboard,Gaming Razer Keyboard,6,Processing
Lenovo,Lenovo Thinkpad,77,Published
Mouse,Gaming Razer Mouse,88,Processing
Keyboard,Gaming Razer Keyboard,99,Processing
Lenovo,Lenovo Thinkpad,10,Published
Mouse,Gaming Razer Mouse,11,Processing
Keyboard,Gaming Razer Keyboard,22,Processing
Lenovo,Lenovo Thinkpad,33,Published
Mouse,Gaming Razer Mouse,44,Processing
Keyboard,Gaming Razer Keyboard,55,Processing
Lenovo,Lenovo Thinkpad,44000,Published
Mouse,Gaming Razer Mouse,22222,Processing
Keyboard,Gaming Razer Keyboard,2000,Processing
Lenovo,Lenovo Thinkpad,1,Published
Mouse,Gaming Razer Mouse,2,Processing
Keyboard,Gaming Razer Keyboard,3,Processing
Lenovo,Lenovo Thinkpad,4,Published
Mouse,Gaming Razer Mouse,5,Processing
Keyboard,Gaming Razer Keyboard,6,Processing
Lenovo,Lenovo Thinkpad,77,Published
Mouse,Gaming Razer Mouse,88,Processing
Keyboard,Gaming Razer Keyboard,99,Processing
Lenovo,Lenovo Thinkpad,10,Published
Mouse,Gaming Razer Mouse,11,Processing
Keyboard,Gaming Razer Keyboard,22,Processing
Lenovo,Lenovo Thinkpad,33,Published
Mouse,Gaming Razer Mouse,44,Processing
Keyboard,Gaming Razer Keyboard,55,Processing
Lenovo,Lenovo Thinkpad,44000,Published
Mouse,Gaming Razer Mouse,22222,Processing
Keyboard,Gaming Razer Keyboard,2000,Processing
Lenovo,Lenovo Thinkpad,1,Published
Mouse,Gaming Razer Mouse,2,Processing
Keyboard,Gaming Razer Keyboard,3,Processing
Lenovo,Lenovo Thinkpad,4,Published
Mouse,Gaming Razer Mouse,5,Processing
Keyboard,Gaming Razer Keyboard,6,Processing
Lenovo,Lenovo Thinkpad,77,Published
Mouse,Gaming Razer Mouse,88,Processing
Keyboard,Gaming Razer Keyboard,99,Processing
Lenovo,Lenovo Thinkpad,10,Published
Mouse,Gaming Razer Mouse,11,Processing
Keyboard,Gaming Razer Keyboard,22,Processing
Lenovo,Lenovo Thinkpad,33,Published
Mouse,Gaming Razer Mouse,44,Processing
Keyboard,Gaming Razer Keyboard,55,Processing
Lenovo,Lenovo Thinkpad,44000,Published
Mouse,Gaming Razer Mouse,22222,Processing
Keyboard,Gaming Razer Keyboard,2000,Processing
Lenovo,Lenovo Thinkpad,1,Published
Mouse,Gaming Razer Mouse,2,Processing
Keyboard,Gaming Razer Keyboard,3,Processing
Lenovo,Lenovo Thinkpad,4,Published
Mouse,Gaming Razer Mouse,5,Processing
Keyboard,Gaming Razer Keyboard,6,Processing
Lenovo,Lenovo Thinkpad,77,Published
Mouse,Gaming Razer Mouse,88,Processing
Keyboard,Gaming Razer Keyboard,99,Processing
Lenovo,Lenovo Thinkpad,10,Published
Mouse,Gaming Razer Mouse,11,Processing
Keyboard,Gaming Razer Keyboard,22,Processing
Lenovo,Lenovo Thinkpad,33,Published
Mouse,Gaming Razer Mouse,44,Processing
Keyboard,Gaming Razer Keyboard,55,Processing
Lenovo,Lenovo Thinkpad,44000,Published
Mouse,Gaming Razer Mouse,22222,Processing
Keyboard,Gaming Razer Keyboard,2000,Processing
Lenovo,Lenovo Thinkpad,1,Published
Mouse,Gaming Razer Mouse,2,Processing
Keyboard,Gaming Razer Keyboard,3,Processing
Lenovo,Lenovo Thinkpad,4,Published
Mouse,Gaming Razer Mouse,5,Processing
Keyboard,Gaming Razer Keyboard,6,Processing
Lenovo,Lenovo Thinkpad,77,Published
Mouse,Gaming Razer Mouse,88,Processing
Keyboard,Gaming Razer Keyboard,99,Processing
Lenovo,Lenovo Thinkpad,10,Published
Mouse,Gaming Razer Mouse,11,Processing
Keyboard,Gaming Razer Keyboard,22,Processing
Lenovo,Lenovo Thinkpad,33,Published
Mouse,Gaming Razer Mouse,44,Processing
Keyboard,Gaming Razer Keyboard,55,Processing
Lenovo,Lenovo Thinkpad,44000,Published
Mouse,Gaming Razer Mouse,22222,Processing
Keyboard,Gaming Razer Keyboard,2000,Processing
Lenovo,Lenovo Thinkpad,1,Published
Mouse,Gaming Razer Mouse,2,Processing
Keyboard,Gaming Razer Keyboard,3,Processing
Lenovo,Lenovo Thinkpad,4,Published
Mouse,Gaming Razer Mouse,5,Processing
Keyboard,Gaming Razer Keyboard,6,Processing
Lenovo,Lenovo Thinkpad,77,Published
Mouse,Gaming Razer Mouse,88,Processing
Keyboard,Gaming Razer Keyboard,99,Processing
Lenovo,Lenovo Thinkpad,10,Published
Mouse,Gaming Razer Mouse,11,Processing
Keyboard,Gaming Razer Keyboard,22,Processing
Lenovo,Lenovo Thinkpad,33,Published
Mouse,Gaming Razer Mouse,44,Processing
Keyboard,Gaming Razer Keyboard,55,Processing
Lenovo,Lenovo Thinkpad,44000,Published
Mouse,Gaming Razer Mouse,22222,Processing
Keyboard,Gaming Razer Keyboard,2000,Processing
Lenovo,Lenovo Thinkpad,1,Published
Mouse,Gaming Razer Mouse,2,Processing
Keyboard,Gaming Razer Keyboard,3,Processing
Lenovo,Lenovo Thinkpad,4,Published
Mouse,Gaming Razer Mouse,5,Processing
Keyboard,Gaming Razer Keyboard,6,Processing
Lenovo,Lenovo Thinkpad,77,Published
Mouse,Gaming Razer Mouse,88,Processing
Keyboard,Gaming Razer Keyboard,99,Processing
Lenovo,Lenovo Thinkpad,10,Published
Mouse,Gaming Razer Mouse,11,Processing
Keyboard,Gaming Razer Keyboard,22,Processing
Lenovo,Lenovo Thinkpad,33,Published
Mouse,Gaming Razer Mouse,44,Processing
Keyboard,Gaming Razer Keyboard,55,Processing
Lenovo,Lenovo Thinkpad,33,Published
Mouse,Gaming Razer Mouse,44,Processing
Keyboard,Gaming Razer Keyboard,55,Processing
Lenovo,Lenovo Thinkpad,44000,Published
Mouse,Gaming Razer Mouse,22222,Processing
Keyboard,Gaming Razer Keyboard,2000,Processing
Lenovo,Lenovo Thinkpad,1,Published
Mouse,Gaming Razer Mouse,2,Processing
Keyboard,Gaming Razer Keyboard,3,Processing
Lenovo,Lenovo Thinkpad,4,Published
Mouse,Gaming Razer Mouse,5,Processing
Keyboard,Gaming Razer Keyboard,6,Processing
Lenovo,Lenovo Thinkpad,77,Published
Mouse,Gaming Razer Mouse,88,Processing
Keyboard,Gaming Razer Keyboard,99,Processing
Lenovo,Lenovo Thinkpad,10,Published
Mouse,Gaming Razer Mouse,11,Processing
Keyboard,Gaming Razer Keyboard,22,Processing
Lenovo,Lenovo Thinkpad,33,Published
Mouse,Gaming Razer Mouse,44,Processing
Keyboard,Gaming Razer Keyboard,55,Processing
Lenovo,Lenovo Thinkpad,44000,Published
Mouse,Gaming Razer Mouse,22222,Processing
Keyboard,Gaming Razer Keyboard,2000,Processing
Lenovo,Lenovo Thinkpad,1,Published
Mouse,Gaming Razer Mouse,2,Processing
Keyboard,Gaming Razer Keyboard,3,Processing
Lenovo,Lenovo Thinkpad,4,Published
Mouse,Gaming Razer Mouse,5,Processing
Keyboard,Gaming Razer Keyboard,6,Processing
Lenovo,Lenovo Thinkpad,77,Published
Mouse,Gaming Razer Mouse,88,Processing
Keyboard,Gaming Razer Keyboard,99,Processing
Lenovo,Lenovo Thinkpad,10,Published
Mouse,Gaming Razer Mouse,11,Processing
Keyboard,Gaming Razer Keyboard,22,Processing
Lenovo,Lenovo Thinkpad,33,Published
Mouse,Gaming Razer Mouse,44,Processing
Keyboard,Gaming Razer Keyboard,55,Processing
Lenovo,Lenovo Thinkpad,44000,Published
Mouse,Gaming Razer Mouse,22222,Processing
Keyboard,Gaming Razer Keyboard,2000,Processing
Lenovo,Lenovo Thinkpad,1,Published
Mouse,Gaming Razer Mouse,2,Processing
Keyboard,Gaming Razer Keyboard,3,Processing
Lenovo,Lenovo Thinkpad,4,Published
Mouse,Gaming Razer Mouse,5,Processing
Keyboard,Gaming Razer Keyboard,6,Processing
Lenovo,Lenovo Thinkpad,77,Published
Mouse,Gaming Razer Mouse,88,Processing
Keyboard,Gaming Razer Keyboard,99,Processing
Lenovo,Lenovo Thinkpad,10,Published
Mouse,Gaming Razer Mouse,11,Processing
Keyboard,Gaming Razer Keyboard,22,Processing
Lenovo,Lenovo Thinkpad,33,Published
Mouse,Gaming Razer Mouse,44,Processing
Keyboard,Gaming Razer Keyboard,55,Processing
Lenovo,Lenovo Thinkpad,44000,Published
Mouse,Gaming Razer Mouse,22222,Processing
Keyboard,Gaming Razer Keyboard,2000,Processing
Lenovo,Lenovo Thinkpad,1,Published
Mouse,Gaming Razer Mouse,2,Processing
Keyboard,Gaming Razer Keyboard,3,Processing
Lenovo,Lenovo Thinkpad,4,Published
Mouse,Gaming Razer Mouse,5,Processing
Keyboard,Gaming Razer Keyboard,6,Processing
Lenovo,Lenovo Thinkpad,77,Published
Mouse,Gaming Razer Mouse,88,Processing
Keyboard,Gaming Razer Keyboard,99,Processing
Lenovo,Lenovo Thinkpad,10,Published
Mouse,Gaming Razer Mouse,11,Processing
Keyboard,Gaming Razer Keyboard,22,Processing
Lenovo,Lenovo Thinkpad,33,Published
Mouse,Gaming Razer Mouse,44,Processing
Keyboard,Gaming Razer Keyboard,55,Processing
Lenovo,Lenovo Thinkpad,44000,Published
Mouse,Gaming Razer Mouse,22222,Processing
Keyboard,Gaming Razer Keyboard,2000,Processing
Lenovo,Lenovo Thinkpad,1,Published
Mouse,Gaming Razer Mouse,2,Processing
Keyboard,Gaming Razer Keyboard,3,Processing
Lenovo,Lenovo Thinkpad,4,Published
Mouse,Gaming Razer Mouse,5,Processing
Keyboard,Gaming Razer Keyboard,6,Processing
Lenovo,Lenovo Thinkpad,77,Published
Mouse,Gaming Razer Mouse,88,Processing
Keyboard,Gaming Razer Keyboard,99,Processing
Lenovo,Lenovo Thinkpad,10,Published
Mouse,Gaming Razer Mouse,11,Processing
Keyboard,Gaming Razer Keyboard,22,Processing
Lenovo,Lenovo Thinkpad,33,Published
Mouse,Gaming Razer Mouse,44,Processing
Keyboard,Gaming Razer Keyboard,55,Processing
Lenovo,Lenovo Thinkpad,44000,Published
Mouse,Gaming Razer Mouse,22222,Processing
Keyboard,Gaming Razer Keyboard,2000,Processing
Lenovo,Lenovo Thinkpad,1,Published
Mouse,Gaming Razer Mouse,2,Processing
Keyboard,Gaming Razer Keyboard,3,Processing
Lenovo,Lenovo Thinkpad,4,Published
Mouse,Gaming Razer Mouse,5,Processing
Keyboard,Gaming Razer Keyboard,6,Processing
Lenovo,Lenovo Thinkpad,77,Published
Mouse,Gaming Razer Mouse,88,Processing
Keyboard,Gaming Razer Keyboard,99,Processing
Lenovo,Lenovo Thinkpad,10,Published
Mouse,Gaming Razer Mouse,11,Processing
Keyboard,Gaming Razer Keyboard,22,Processing
Lenovo,Lenovo Thinkpad,33,Published
Mouse,Gaming Razer Mouse,44,Processing
Keyboard,Gaming Razer Keyboard,55,Processing
Lenovo,Lenovo Thinkpad,44000,Published
Mouse,Gaming Razer Mouse,22222,Processing
Keyboard,Gaming Razer Keyboard,2000,Processing
Lenovo,Lenovo Thinkpad,1,Published
Mouse,Gaming Razer Mouse,2,Processing
Keyboard,Gaming Razer Keyboard,3,Processing
Lenovo,Lenovo Thinkpad,4,Published
Mouse,Gaming Razer Mouse,5,Processing
Keyboard,Gaming Razer Keyboard,6,Processing
Lenovo,Lenovo Thinkpad,77,Published
Mouse,Gaming Razer Mouse,88,Processing
Keyboard,Gaming Razer Keyboard,99,Processing
Lenovo,Lenovo Thinkpad,10,Published
Mouse,Gaming Razer Mouse,11,Processing
Keyboard,Gaming Razer Keyboard,22,Processing
Lenovo,Lenovo Thinkpad,33,Published
Mouse,Gaming Razer Mouse,44,Processing
Keyboard,Gaming Razer Keyboard,55,Processing
Lenovo,Lenovo Thinkpad,44000,Published
Mouse,Gaming Razer Mouse,22222,Processing
Keyboard,Gaming Razer Keyboard,2000,Processing
Lenovo,Lenovo Thinkpad,1,Published
Mouse,Gaming Razer Mouse,2,Processing
Keyboard,Gaming Razer Keyboard,3,Processing
Lenovo,Lenovo Thinkpad,4,Published
Mouse,Gaming Razer Mouse,5,Processing
Keyboard,Gaming Razer Keyboard,6,Processing
Lenovo,Lenovo Thinkpad,77,Published
Mouse,Gaming Razer Mouse,88,Processing
Keyboard,Gaming Razer Keyboard,99,Processing
Lenovo,Lenovo Thinkpad,10,Published
Mouse,Gaming Razer Mouse,11,Processing
Keyboard,Gaming Razer Keyboard,22,Processing
Lenovo,Lenovo Thinkpad,33,Published
Mouse,Gaming Razer Mouse,44,Processing
Keyboard,Gaming Razer Keyboard,55,Processing
Lenovo,Lenovo Thinkpad,44000,Published
Mouse,Gaming Razer Mouse,22222,Processing
Keyboard,Gaming Razer Keyboard,2000,Processing
Lenovo,Lenovo Thinkpad,1,Published
Mouse,Gaming Razer Mouse,2,Processing
Keyboard,Gaming Razer Keyboard,3,Processing
Lenovo,Lenovo Thinkpad,4,Published
Mouse,Gaming Razer Mouse,5,Processing
Keyboard,Gaming Razer Keyboard,6,Processing
Lenovo,Lenovo Thinkpad,77,Published
Mouse,Gaming Razer Mouse,88,Processing
Keyboard,Gaming Razer Keyboard,99,Processing
Lenovo,Lenovo Thinkpad,10,Published
Mouse,Gaming Razer Mouse,11,Processing
Keyboard,Gaming Razer Keyboard,22,Processing
Lenovo,Lenovo Thinkpad,33,Published
Mouse,Gaming Razer Mouse,44,Processing
Keyboard,Gaming Razer Keyboard,55,Processing
Lenovo,Lenovo Thinkpad,44000,Published
Mouse,Gaming Razer Mouse,22222,Processing
Keyboard,Gaming Razer Keyboard,2000,Processing
Lenovo,Lenovo Thinkpad,1,Published
Mouse,Gaming Razer Mouse,2,Processing
Keyboard,Gaming Razer Keyboard,3,Processing
Lenovo,Lenovo Thinkpad,4,Published
Mouse,Gaming Razer Mouse,5,Processing
Keyboard,Gaming Razer Keyboard,6,Processing
Lenovo,Lenovo Thinkpad,77,Published
Mouse,Gaming Razer Mouse,88,Processing
Keyboard,Gaming Razer Keyboard,99,Processing
Lenovo,Lenovo Thinkpad,10,Published
Mouse,Gaming Razer Mouse,11,Processing
Keyboard,Gaming Razer Keyboard,22,Processing
Lenovo,Lenovo Thinkpad,33,Published
Mouse,Gaming Razer Mouse,44,Processing
Keyboard,Gaming Razer Keyboard,55,Processing
Lenovo,Lenovo Thinkpad,44000,Published
Mouse,Gaming Razer Mouse,22222,Processing
Keyboard,Gaming Razer Keyboard,2000,Processing
Lenovo,Lenovo Thinkpad,1,Published
Mouse,Gaming Razer Mouse,2,Processing
Keyboard,Gaming Razer Keyboard,3,Processing
Lenovo,Lenovo Thinkpad,4,Published
Mouse,Gaming Razer Mouse,5,Processing
Keyboard,Gaming Razer Keyboard,6,Processing
Lenovo,Lenovo Thinkpad,77,Published
Mouse,Gaming Razer Mouse,88,Processing
Keyboard,Gaming Razer Keyboard,99,Processing
Lenovo,Lenovo Thinkpad,10,Published
Mouse,Gaming Razer Mouse,11,Processing
Keyboard,Gaming Razer Keyboard,22,Processing
Lenovo,Lenovo Thinkpad,33,Published
Mouse,Gaming Razer Mouse,44,Processing
Keyboard,Gaming Razer Keyboard,55,Processing
Lenovo,Lenovo Thinkpad,44000,Published
Mouse,Gaming Razer Mouse,22222,Processing
Keyboard,Gaming Razer Keyboard,2000,Processing
Lenovo,Lenovo Thinkpad,1,Published
Mouse,Gaming Razer Mouse,2,Processing
Keyboard,Gaming Razer Keyboard,3,Processing
Lenovo,Lenovo Thinkpad,4,Published
Mouse,Gaming Razer Mouse,5,Processing
Keyboard,Gaming Razer Keyboard,6,Processing
Lenovo,Lenovo Thinkpad,77,Published
Mouse,Gaming Razer Mouse,88,Processing
Keyboard,Gaming Razer Keyboard,99,Processing
Lenovo,Lenovo Thinkpad,10,Published
Mouse,Gaming Razer Mouse,11,Processing
Keyboard,Gaming Razer Keyboard,22,Processing
Lenovo,Lenovo Thinkpad,33,Published
Mouse,Gaming Razer Mouse,44,Processing
Keyboard,Gaming Razer Keyboard,55,Processing
Lenovo,Lenovo Thinkpad,44000,Published
Mouse,Gaming Razer Mouse,22222,Processing
Keyboard,Gaming Razer Keyboard,2000,Processing
Lenovo,Lenovo Thinkpad,1,Published
Mouse,Gaming Razer Mouse,2,Processing
Keyboard,Gaming Razer Keyboard,3,Processing
Lenovo,Lenovo Thinkpad,4,Published
Mouse,Gaming Razer Mouse,5,Processing
Keyboard,Gaming Razer Keyboard,6,Processing
Lenovo,Lenovo Thinkpad,77,Published
Mouse,Gaming Razer Mouse,88,Processing
Keyboard,Gaming Razer Keyboard,99,Processing
Lenovo,Lenovo Thinkpad,10,Published
Mouse,Gaming Razer Mouse,11,Processing
Keyboard,Gaming Razer Keyboard,22,Processing
Lenovo,Lenovo Thinkpad,33,Published
Mouse,Gaming Razer Mouse,44,Processing
Keyboard,Gaming Razer Keyboard,55,Processing
Lenovo,Lenovo Thinkpad,44000,Published
Mouse,Gaming Razer Mouse,22222,Processing
Keyboard,Gaming Razer Keyboard,2000,Processing
Lenovo,Lenovo Thinkpad,1,Published
Mouse,Gaming Razer Mouse,2,Processing
Keyboard,Gaming Razer Keyboard,3,Processing
Keyboard,Gaming Razer Keyboard,3,Processing